sex,Precision,Recall,TNR,NPV,F-Score
Female,0.463519313304721,0.7714285714285715,0.9370594159113796,0.9830956154252509,0.5790884718498659
Male,0.6442451420029895,0.7751798561151079,0.8546564885496183,0.9180059035749426,0.7036734693877551
