Precision,Recall,TNR,NPV,F-Score
0.258974358974359,0.8632478632478633,0.6127735596248325,0.9661971830985916,0.39842209072978313
0.35638297872340424,0.5275590551181102,0.9231746031746032,0.9603698811096433,0.42539682539682533
0.75,0.6666666666666666,0.9881656804733728,0.9823529411764705,0.7058823529411765
0.23529411764705882,0.13793103448275862,0.9868686868686869,0.9750499001996008,0.17391304347826086
0.35555555555555557,0.5,0.9567164179104478,0.9756468797564688,0.41558441558441556
0.1958041958041958,0.8235294117647058,0.6006944444444444,0.9664804469273743,0.3163841807909604
