Precision,Recall,TNR,NPV,F-Score
0.5,0.5555555555555556,0.9193548387096774,0.9344262295081968,0.5263157894736842
0.25806451612903225,0.6956521739130435,0.7294117647058823,0.9465648854961832,0.3764705882352941
0.26153846153846155,0.7083333333333334,0.9165217391304348,0.9868913857677902,0.38202247191011235
0.6666666666666666,0.8,0.96,0.9795918367346939,0.7272727272727272
0.26750700280112044,0.7332053742802304,0.7938510051241624,0.966642668586513,0.3919958953309389
