Precision,Recall,TNR,NPV,F-Score
0.23809523809523808,0.5882352941176471,0.9139784946236559,0.9798270893371758,0.33898305084745767
0.18571428571428572,0.6842105263157895,0.6686046511627907,0.9504132231404959,0.29213483146067415
0.24545454545454545,0.6136363636363636,0.7580174927113703,0.9386281588447654,0.35064935064935066
0.2627372627372627,0.7050938337801609,0.8244946492271106,0.9692479731618675,0.3828238719068413
0.3220338983050847,0.95,0.5348837209302325,0.9787234042553191,0.48101265822784806
0.3248407643312102,0.8095238095238095,0.7563218390804598,0.9648093841642229,0.4636363636363637
0.3013698630136986,0.8461538461538461,0.7763157894736842,0.9779005524861878,0.4444444444444444
,,,1.0,
